{
  "name": "My workflow",
  "nodes": [
    {
      "parameters": {},
      "type": "n8n-nodes-base.manualTrigger",
      "typeVersion": 1,
      "position": [
        -320,
        -120
      ],
      "id": "23c2f3a9-a3ca-4749-a368-ae52c5ef32eb",
      "name": "When clicking ‘Execute workflow’"
    },
    {
      "parameters": {
        "options": {}
      },
      "type": "@n8n/n8n-nodes-langchain.chatTrigger",
      "typeVersion": 1.1,
      "position": [
        -100,
        -120
      ],
      "id": "acbd31da-f15e-4601-b144-f06b605734c0",
      "name": "When chat message received",
      "webhookId": "e700f3f7-aafc-40c3-83bf-c3ce031ac89c"
    },
    {
      "parameters": {
        "options": {}
      },
      "type": "@n8n/n8n-nodes-langchain.agent",
      "typeVersion": 2,
      "position": [
        120,
        -120
      ],
      "id": "811015ce-c43e-4012-a901-0568ba8abf18",
      "name": "AI Agent"
    }
  ],
  "connections": {
    "When clicking ‘Execute workflow’": {
      "main": [
        [
          {
            "node": "AI Agent",
            "type": "main",
            "index": 0
          }
        ]
      ]
    },
    "When chat message received": {
      "main": [
        [
          {
            "node": "AI Agent",
            "type": "main",
            "index": 0
          }
        ]
      ]
    }
  },
  "settings": {
    "executionOrder": "v1"
  },
  "staticData": null,
  "pinData": {},
  "triggerCount": 0,
  "meta": null
}